{
  "b": 0,
  "disableInputWhenNotFocused": true,
  "mangledName": "Nikos_95house",
  "name": "Nikos_house",
  "oglFOV": 90,
  "oglZFar": 500,
  "oglZNear": 1,
  "r": 0,
  "standardSortMethod": true,
  "stopSoundsOnStartup": true,
  "title": "",
  "v": 0,
  "uiSettings": {
    "grid": true,
    "gridB": 255,
    "gridG": 180,
    "gridHeight": 70,
    "gridOffsetX": 0,
    "gridOffsetY": 0,
    "gridR": 158,
    "gridWidth": 70,
    "snap": true,
    "windowMask": false,
    "zoomFactor": 0.5
  },
  "objectsGroups": [],
  "variables": [],
  "instances": [
    {
      "angle": 0,
      "customSize": true,
      "height": 70,
      "layer": "",
      "locked": false,
      "name": "walls",
      "width": 70,
      "x": 490,
      "y": 280,
      "zOrder": 1,
      "numberProperties": [],
      "stringProperties": [],
      "initialVariables": []
    },
    {
      "angle": 0,
      "customSize": true,
      "height": 70,
      "layer": "",
      "locked": false,
      "name": "walls",
      "width": 70,
      "x": 490,
      "y": 420,
      "zOrder": 1,
      "numberProperties": [
        {
          "name": "animation",
          "value": 1
        }
      ],
      "stringProperties": [],
      "initialVariables": []
    },
    {
      "angle": 0,
      "customSize": true,
      "height": 70,
      "layer": "",
      "locked": false,
      "name": "walls",
      "width": 70,
      "x": 490,
      "y": 210,
      "zOrder": 1,
      "numberProperties": [
        {
          "name": "animation",
          "value": 11
        }
      ],
      "stringProperties": [],
      "initialVariables": []
    },
    {
      "angle": 0,
      "customSize": true,
      "height": 70,
      "layer": "",
      "locked": false,
      "name": "walls",
      "width": 70,
      "x": 560,
      "y": 560,
      "zOrder": 2,
      "numberProperties": [
        {
          "name": "animation",
          "value": 5
        }
      ],
      "stringProperties": [],
      "initialVariables": []
    },
    {
      "angle": 0,
      "customSize": true,
      "height": 70,
      "layer": "",
      "locked": false,
      "name": "walls",
      "width": 70,
      "x": 490,
      "y": 490,
      "zOrder": 1,
      "numberProperties": [
        {
          "name": "animation",
          "value": 4
        }
      ],
      "stringProperties": [],
      "initialVariables": []
    },
    {
      "angle": 0,
      "customSize": true,
      "height": 70,
      "layer": "",
      "locked": false,
      "name": "walls",
      "width": 70,
      "x": 490,
      "y": 560,
      "zOrder": 1,
      "numberProperties": [
        {
          "name": "animation",
          "value": 2
        }
      ],
      "stringProperties": [],
      "initialVariables": []
    },
    {
      "angle": 0,
      "customSize": true,
      "height": 70,
      "layer": "",
      "locked": false,
      "name": "walls",
      "width": 70,
      "x": 630,
      "y": 560,
      "zOrder": 2,
      "numberProperties": [
        {
          "name": "animation",
          "value": 5
        }
      ],
      "stringProperties": [],
      "initialVariables": []
    },
    {
      "angle": 0,
      "customSize": true,
      "height": 70,
      "layer": "",
      "locked": false,
      "name": "walls",
      "width": 70,
      "x": 700,
      "y": 560,
      "zOrder": 2,
      "numberProperties": [
        {
          "name": "animation",
          "value": 5
        }
      ],
      "stringProperties": [],
      "initialVariables": []
    },
    {
      "angle": 0,
      "customSize": true,
      "height": 70,
      "layer": "",
      "locked": false,
      "name": "walls",
      "width": 70,
      "x": 770,
      "y": 560,
      "zOrder": 2,
      "numberProperties": [
        {
          "name": "animation",
          "value": 5
        }
      ],
      "stringProperties": [],
      "initialVariables": []
    },
    {
      "angle": 0,
      "customSize": true,
      "height": 70,
      "layer": "",
      "locked": false,
      "name": "walls",
      "width": 70,
      "x": 840,
      "y": 560,
      "zOrder": 2,
      "numberProperties": [
        {
          "name": "animation",
          "value": 5
        }
      ],
      "stringProperties": [],
      "initialVariables": []
    },
    {
      "angle": 0,
      "customSize": true,
      "height": 70,
      "layer": "",
      "locked": false,
      "name": "walls",
      "width": 70,
      "x": 910,
      "y": 560,
      "zOrder": 2,
      "numberProperties": [
        {
          "name": "animation",
          "value": 5
        }
      ],
      "stringProperties": [],
      "initialVariables": []
    },
    {
      "angle": 0,
      "customSize": true,
      "height": 70,
      "layer": "",
      "locked": false,
      "name": "walls",
      "width": 70,
      "x": 980,
      "y": 560,
      "zOrder": 2,
      "numberProperties": [
        {
          "name": "animation",
          "value": 6
        }
      ],
      "stringProperties": [],
      "initialVariables": []
    },
    {
      "angle": 0,
      "customSize": true,
      "height": 70,
      "layer": "",
      "locked": false,
      "name": "walls",
      "width": 70,
      "x": 980,
      "y": 490,
      "zOrder": 1,
      "numberProperties": [
        {
          "name": "animation",
          "value": 4
        }
      ],
      "stringProperties": [],
      "initialVariables": []
    },
    {
      "angle": 0,
      "customSize": true,
      "height": 70,
      "layer": "",
      "locked": false,
      "name": "walls",
      "width": 70,
      "x": 980,
      "y": 420,
      "zOrder": 1,
      "numberProperties": [
        {
          "name": "animation",
          "value": 4
        }
      ],
      "stringProperties": [],
      "initialVariables": []
    },
    {
      "angle": 0,
      "customSize": true,
      "height": 70,
      "layer": "",
      "locked": false,
      "name": "walls",
      "width": 70,
      "x": 980,
      "y": 350,
      "zOrder": 1,
      "numberProperties": [
        {
          "name": "animation",
          "value": 1
        }
      ],
      "stringProperties": [],
      "initialVariables": []
    },
    {
      "angle": 0,
      "customSize": true,
      "height": 70,
      "layer": "",
      "locked": false,
      "name": "walls",
      "width": 70,
      "x": 560,
      "y": 210,
      "zOrder": 2,
      "numberProperties": [
        {
          "name": "animation",
          "value": 5
        }
      ],
      "stringProperties": [],
      "initialVariables": []
    },
    {
      "angle": 0,
      "customSize": true,
      "height": 70,
      "layer": "",
      "locked": false,
      "name": "walls",
      "width": 70,
      "x": 630,
      "y": 210,
      "zOrder": 2,
      "numberProperties": [
        {
          "name": "animation",
          "value": 5
        }
      ],
      "stringProperties": [],
      "initialVariables": []
    },
    {
      "angle": 0,
      "customSize": true,
      "height": 70,
      "layer": "",
      "locked": false,
      "name": "walls",
      "width": 70,
      "x": 700,
      "y": 210,
      "zOrder": 2,
      "numberProperties": [
        {
          "name": "animation",
          "value": 7
        }
      ],
      "stringProperties": [],
      "initialVariables": []
    },
    {
      "angle": 0,
      "customSize": true,
      "height": 70,
      "layer": "",
      "locked": false,
      "name": "walls",
      "width": 70,
      "x": 840,
      "y": 210,
      "zOrder": 2,
      "numberProperties": [
        {
          "name": "animation",
          "value": 8
        }
      ],
      "stringProperties": [],
      "initialVariables": []
    },
    {
      "angle": 0,
      "customSize": true,
      "height": 70,
      "layer": "",
      "locked": false,
      "name": "walls",
      "width": 70,
      "x": 980,
      "y": 210,
      "zOrder": 2,
      "numberProperties": [
        {
          "name": "animation",
          "value": 5
        }
      ],
      "stringProperties": [],
      "initialVariables": []
    },
    {
      "angle": 0,
      "customSize": true,
      "height": 70,
      "layer": "",
      "locked": false,
      "name": "walls",
      "width": 70,
      "x": 1050,
      "y": 210,
      "zOrder": 2,
      "numberProperties": [
        {
          "name": "animation",
          "value": 5
        }
      ],
      "stringProperties": [],
      "initialVariables": []
    },
    {
      "angle": 0,
      "customSize": true,
      "height": 70,
      "layer": "",
      "locked": false,
      "name": "walls",
      "width": 70,
      "x": 1120,
      "y": 210,
      "zOrder": 2,
      "numberProperties": [
        {
          "name": "animation",
          "value": 5
        }
      ],
      "stringProperties": [],
      "initialVariables": []
    },
    {
      "angle": 0,
      "customSize": true,
      "height": 70,
      "layer": "",
      "locked": false,
      "name": "walls",
      "width": 70,
      "x": 1260,
      "y": 210,
      "zOrder": 2,
      "numberProperties": [
        {
          "name": "animation",
          "value": 9
        }
      ],
      "stringProperties": [],
      "initialVariables": []
    },
    {
      "angle": 0,
      "customSize": true,
      "height": 70,
      "layer": "",
      "locked": false,
      "name": "walls",
      "width": 70,
      "x": 1190,
      "y": 210,
      "zOrder": 2,
      "numberProperties": [
        {
          "name": "animation",
          "value": 5
        }
      ],
      "stringProperties": [],
      "initialVariables": []
    },
    {
      "angle": 0,
      "customSize": true,
      "height": 70,
      "layer": "",
      "locked": false,
      "name": "walls",
      "width": 70,
      "x": 1050,
      "y": 560,
      "zOrder": 2,
      "numberProperties": [
        {
          "name": "animation",
          "value": 5
        }
      ],
      "stringProperties": [],
      "initialVariables": []
    },
    {
      "angle": 0,
      "customSize": true,
      "height": 70,
      "layer": "",
      "locked": false,
      "name": "walls",
      "width": 70,
      "x": 1120,
      "y": 560,
      "zOrder": 2,
      "numberProperties": [
        {
          "name": "animation",
          "value": 5
        }
      ],
      "stringProperties": [],
      "initialVariables": []
    },
    {
      "angle": 0,
      "customSize": true,
      "height": 70,
      "layer": "",
      "locked": false,
      "name": "walls",
      "width": 70,
      "x": 1190,
      "y": 560,
      "zOrder": 2,
      "numberProperties": [
        {
          "name": "animation",
          "value": 5
        }
      ],
      "stringProperties": [],
      "initialVariables": []
    },
    {
      "angle": 0,
      "customSize": true,
      "height": 70,
      "layer": "",
      "locked": false,
      "name": "walls",
      "width": 70,
      "x": 1260,
      "y": 560,
      "zOrder": 2,
      "numberProperties": [
        {
          "name": "animation",
          "value": 10
        }
      ],
      "stringProperties": [],
      "initialVariables": []
    },
    {
      "angle": 0,
      "customSize": true,
      "height": 70,
      "layer": "",
      "locked": false,
      "name": "walls",
      "width": 70,
      "x": 1260,
      "y": 280,
      "zOrder": 1,
      "numberProperties": [
        {
          "name": "animation",
          "value": 4
        }
      ],
      "stringProperties": [],
      "initialVariables": []
    },
    {
      "angle": 0,
      "customSize": true,
      "height": 70,
      "layer": "",
      "locked": false,
      "name": "walls",
      "width": 70,
      "x": 1260,
      "y": 350,
      "zOrder": 1,
      "numberProperties": [
        {
          "name": "animation",
          "value": 4
        }
      ],
      "stringProperties": [],
      "initialVariables": []
    },
    {
      "angle": 0,
      "customSize": true,
      "height": 70,
      "layer": "",
      "locked": false,
      "name": "walls",
      "width": 70,
      "x": 1260,
      "y": 420,
      "zOrder": 1,
      "numberProperties": [
        {
          "name": "animation",
          "value": 4
        }
      ],
      "stringProperties": [],
      "initialVariables": []
    },
    {
      "angle": 0,
      "customSize": true,
      "height": 70,
      "layer": "",
      "locked": false,
      "name": "walls",
      "width": 70,
      "x": 1260,
      "y": 490,
      "zOrder": 1,
      "numberProperties": [
        {
          "name": "animation",
          "value": 4
        }
      ],
      "stringProperties": [],
      "initialVariables": []
    },
    {
      "angle": -90,
      "customSize": true,
      "height": 70,
      "layer": "",
      "locked": false,
      "name": "kitchen",
      "width": 70,
      "x": 1190,
      "y": 280,
      "zOrder": 3,
      "numberProperties": [
        {
          "name": "animation",
          "value": 3
        }
      ],
      "stringProperties": [],
      "initialVariables": []
    },
    {
      "angle": 180,
      "customSize": true,
      "height": 70,
      "layer": "",
      "locked": false,
      "name": "kitchen",
      "width": 70,
      "x": 1050,
      "y": 493,
      "zOrder": 3,
      "numberProperties": [
        {
          "name": "animation",
          "value": 1
        }
      ],
      "stringProperties": [],
      "initialVariables": []
    },
    {
      "angle": 180,
      "customSize": true,
      "height": 70,
      "layer": "",
      "locked": false,
      "name": "kitchen",
      "width": 70,
      "x": 1120,
      "y": 493,
      "zOrder": 3,
      "numberProperties": [],
      "stringProperties": [],
      "initialVariables": []
    },
    {
      "angle": 180,
      "customSize": true,
      "height": 70,
      "layer": "",
      "locked": false,
      "name": "kitchen",
      "width": 70,
      "x": 1190,
      "y": 493,
      "zOrder": 3,
      "numberProperties": [
        {
          "name": "animation",
          "value": 2
        }
      ],
      "stringProperties": [],
      "initialVariables": []
    },
    {
      "angle": 0,
      "customSize": true,
      "height": 70,
      "layer": "floor",
      "locked": false,
      "name": "floor",
      "width": 70,
      "x": 1050,
      "y": 280,
      "zOrder": 4,
      "numberProperties": [],
      "stringProperties": [],
      "initialVariables": []
    },
    {
      "angle": 0,
      "customSize": true,
      "height": 70,
      "layer": "floor",
      "locked": false,
      "name": "floor",
      "width": 70,
      "x": 1120,
      "y": 280,
      "zOrder": 4,
      "numberProperties": [],
      "stringProperties": [],
      "initialVariables": []
    },
    {
      "angle": 0,
      "customSize": true,
      "height": 70,
      "layer": "floor",
      "locked": false,
      "name": "floor",
      "width": 70,
      "x": 1190,
      "y": 280,
      "zOrder": 4,
      "numberProperties": [],
      "stringProperties": [],
      "initialVariables": []
    },
    {
      "angle": 0,
      "customSize": true,
      "height": 70,
      "layer": "floor",
      "locked": false,
      "name": "floor",
      "width": 70,
      "x": 1050,
      "y": 350,
      "zOrder": 4,
      "numberProperties": [],
      "stringProperties": [],
      "initialVariables": []
    },
    {
      "angle": 0,
      "customSize": true,
      "height": 70,
      "layer": "floor",
      "locked": false,
      "name": "floor",
      "width": 70,
      "x": 1120,
      "y": 350,
      "zOrder": 4,
      "numberProperties": [],
      "stringProperties": [],
      "initialVariables": []
    },
    {
      "angle": 0,
      "customSize": true,
      "height": 70,
      "layer": "floor",
      "locked": false,
      "name": "floor",
      "width": 70,
      "x": 1190,
      "y": 350,
      "zOrder": 4,
      "numberProperties": [],
      "stringProperties": [],
      "initialVariables": []
    },
    {
      "angle": 0,
      "customSize": true,
      "height": 70,
      "layer": "floor",
      "locked": false,
      "name": "floor",
      "width": 70,
      "x": 1050,
      "y": 420,
      "zOrder": 4,
      "numberProperties": [],
      "stringProperties": [],
      "initialVariables": []
    },
    {
      "angle": 0,
      "customSize": true,
      "height": 70,
      "layer": "floor",
      "locked": false,
      "name": "floor",
      "width": 70,
      "x": 1190,
      "y": 420,
      "zOrder": 4,
      "numberProperties": [],
      "stringProperties": [],
      "initialVariables": []
    },
    {
      "angle": 0,
      "customSize": true,
      "height": 70,
      "layer": "floor",
      "locked": false,
      "name": "floor",
      "width": 70,
      "x": 1120,
      "y": 420,
      "zOrder": 4,
      "numberProperties": [],
      "stringProperties": [],
      "initialVariables": []
    },
    {
      "angle": 0,
      "customSize": true,
      "height": 70,
      "layer": "floor",
      "locked": false,
      "name": "floor",
      "width": 70,
      "x": 980,
      "y": 280,
      "zOrder": 3,
      "numberProperties": [
        {
          "name": "animation",
          "value": 3
        }
      ],
      "stringProperties": [],
      "initialVariables": []
    },
    {
      "angle": 0,
      "customSize": true,
      "height": 70,
      "layer": "floor",
      "locked": false,
      "name": "floor",
      "width": 70,
      "x": 980,
      "y": 350,
      "zOrder": 5,
      "numberProperties": [
        {
          "name": "animation",
          "value": 3
        }
      ],
      "stringProperties": [],
      "initialVariables": []
    },
    {
      "angle": 0,
      "customSize": true,
      "height": 70,
      "layer": "floor",
      "locked": false,
      "name": "floor",
      "width": 70,
      "x": 1260,
      "y": 420,
      "zOrder": 4,
      "numberProperties": [],
      "stringProperties": [],
      "initialVariables": []
    },
    {
      "angle": 0,
      "customSize": true,
      "height": 70,
      "layer": "floor",
      "locked": false,
      "name": "floor",
      "width": 70,
      "x": 490,
      "y": 420,
      "zOrder": 4,
      "numberProperties": [
        {
          "name": "animation",
          "value": 1
        }
      ],
      "stringProperties": [],
      "initialVariables": []
    },
    {
      "angle": 0,
      "customSize": true,
      "height": 70,
      "layer": "floor",
      "locked": false,
      "name": "floor",
      "width": 70,
      "x": 700,
      "y": 420,
      "zOrder": 4,
      "numberProperties": [
        {
          "name": "animation",
          "value": 1
        }
      ],
      "stringProperties": [],
      "initialVariables": []
    },
    {
      "angle": 0,
      "customSize": true,
      "height": 70,
      "layer": "floor",
      "locked": false,
      "name": "floor",
      "width": 70,
      "x": 770,
      "y": 210,
      "zOrder": 4,
      "numberProperties": [
        {
          "name": "animation",
          "value": 1
        }
      ],
      "stringProperties": [],
      "initialVariables": []
    },
    {
      "angle": 0,
      "customSize": true,
      "height": 70,
      "layer": "floor",
      "locked": false,
      "name": "floor",
      "width": 70,
      "x": 630,
      "y": 420,
      "zOrder": 4,
      "numberProperties": [
        {
          "name": "animation",
          "value": 1
        }
      ],
      "stringProperties": [],
      "initialVariables": []
    },
    {
      "angle": 0,
      "customSize": true,
      "height": 70,
      "layer": "floor",
      "locked": false,
      "name": "floor",
      "width": 70,
      "x": 770,
      "y": 140,
      "zOrder": 4,
      "numberProperties": [
        {
          "name": "animation",
          "value": 1
        }
      ],
      "stringProperties": [],
      "initialVariables": []
    },
    {
      "angle": 0,
      "customSize": true,
      "height": 70,
      "layer": "floor",
      "locked": false,
      "name": "floor",
      "width": 70,
      "x": 910,
      "y": 420,
      "zOrder": 4,
      "numberProperties": [
        {
          "name": "animation",
          "value": 1
        }
      ],
      "stringProperties": [],
      "initialVariables": []
    },
    {
      "angle": 0,
      "customSize": true,
      "height": 70,
      "layer": "floor",
      "locked": false,
      "name": "floor",
      "width": 70,
      "x": 840,
      "y": 280,
      "zOrder": 4,
      "numberProperties": [
        {
          "name": "animation",
          "value": 1
        }
      ],
      "stringProperties": [],
      "initialVariables": []
    },
    {
      "angle": 0,
      "customSize": true,
      "height": 70,
      "layer": "floor",
      "locked": false,
      "name": "floor",
      "width": 70,
      "x": 770,
      "y": -70,
      "zOrder": 4,
      "numberProperties": [
        {
          "name": "animation",
          "value": 1
        }
      ],
      "stringProperties": [],
      "initialVariables": []
    },
    {
      "angle": 0,
      "customSize": true,
      "height": 70,
      "layer": "floor",
      "locked": false,
      "name": "floor",
      "width": 70,
      "x": 560,
      "y": 350,
      "zOrder": 4,
      "numberProperties": [
        {
          "name": "animation",
          "value": 1
        }
      ],
      "stringProperties": [],
      "initialVariables": []
    },
    {
      "angle": 0,
      "customSize": true,
      "height": 70,
      "layer": "floor",
      "locked": false,
      "name": "floor",
      "width": 70,
      "x": 700,
      "y": 0,
      "zOrder": 4,
      "numberProperties": [
        {
          "name": "animation",
          "value": 1
        }
      ],
      "stringProperties": [],
      "initialVariables": []
    },
    {
      "angle": 0,
      "customSize": true,
      "height": 70,
      "layer": "floor",
      "locked": false,
      "name": "floor",
      "width": 70,
      "x": 910,
      "y": 350,
      "zOrder": 4,
      "numberProperties": [
        {
          "name": "animation",
          "value": 1
        }
      ],
      "stringProperties": [],
      "initialVariables": []
    },
    {
      "angle": 0,
      "customSize": true,
      "height": 70,
      "layer": "floor",
      "locked": false,
      "name": "floor",
      "width": 70,
      "x": 630,
      "y": 280,
      "zOrder": 4,
      "numberProperties": [
        {
          "name": "animation",
          "value": 1
        }
      ],
      "stringProperties": [],
      "initialVariables": []
    },
    {
      "angle": 0,
      "customSize": true,
      "height": 70,
      "layer": "floor",
      "locked": false,
      "name": "floor",
      "width": 70,
      "x": 700,
      "y": 210,
      "zOrder": 4,
      "numberProperties": [
        {
          "name": "animation",
          "value": 1
        }
      ],
      "stringProperties": [],
      "initialVariables": []
    },
    {
      "angle": 0,
      "customSize": true,
      "height": 70,
      "layer": "floor",
      "locked": false,
      "name": "floor",
      "width": 70,
      "x": 840,
      "y": 490,
      "zOrder": 4,
      "numberProperties": [
        {
          "name": "animation",
          "value": 1
        }
      ],
      "stringProperties": [],
      "initialVariables": []
    },
    {
      "angle": 0,
      "customSize": true,
      "height": 70,
      "layer": "floor",
      "locked": false,
      "name": "floor",
      "width": 70,
      "x": 560,
      "y": 420,
      "zOrder": 4,
      "numberProperties": [
        {
          "name": "animation",
          "value": 1
        }
      ],
      "stringProperties": [],
      "initialVariables": []
    },
    {
      "angle": 0,
      "customSize": true,
      "height": 70,
      "layer": "floor",
      "locked": false,
      "name": "floor",
      "width": 70,
      "x": 700,
      "y": 140,
      "zOrder": 4,
      "numberProperties": [
        {
          "name": "animation",
          "value": 1
        }
      ],
      "stringProperties": [],
      "initialVariables": []
    },
    {
      "angle": 0,
      "customSize": true,
      "height": 70,
      "layer": "floor",
      "locked": false,
      "name": "floor",
      "width": 70,
      "x": 770,
      "y": 490,
      "zOrder": 4,
      "numberProperties": [
        {
          "name": "animation",
          "value": 1
        }
      ],
      "stringProperties": [],
      "initialVariables": []
    },
    {
      "angle": 0,
      "customSize": true,
      "height": 70,
      "layer": "floor",
      "locked": false,
      "name": "floor",
      "width": 70,
      "x": 840,
      "y": 350,
      "zOrder": 4,
      "numberProperties": [
        {
          "name": "animation",
          "value": 1
        }
      ],
      "stringProperties": [],
      "initialVariables": []
    },
    {
      "angle": 0,
      "customSize": true,
      "height": 70,
      "layer": "floor",
      "locked": false,
      "name": "floor",
      "width": 70,
      "x": 490,
      "y": 350,
      "zOrder": 4,
      "numberProperties": [
        {
          "name": "animation",
          "value": 1
        }
      ],
      "stringProperties": [],
      "initialVariables": []
    },
    {
      "angle": 0,
      "customSize": true,
      "height": 70,
      "layer": "floor",
      "locked": false,
      "name": "floor",
      "width": 70,
      "x": 560,
      "y": 140,
      "zOrder": 4,
      "numberProperties": [
        {
          "name": "animation",
          "value": 1
        }
      ],
      "stringProperties": [],
      "initialVariables": []
    },
    {
      "angle": 0,
      "customSize": true,
      "height": 70,
      "layer": "floor",
      "locked": false,
      "name": "floor",
      "width": 70,
      "x": 980,
      "y": 280,
      "zOrder": -2,
      "numberProperties": [
        {
          "name": "animation",
          "value": 1
        }
      ],
      "stringProperties": [],
      "initialVariables": []
    },
    {
      "angle": 0,
      "customSize": true,
      "height": 70,
      "layer": "floor",
      "locked": false,
      "name": "floor",
      "width": 70,
      "x": 770,
      "y": 70,
      "zOrder": 4,
      "numberProperties": [
        {
          "name": "animation",
          "value": 1
        }
      ],
      "stringProperties": [],
      "initialVariables": []
    },
    {
      "angle": 0,
      "customSize": true,
      "height": 70,
      "layer": "floor",
      "locked": false,
      "name": "floor",
      "width": 70,
      "x": 700,
      "y": 490,
      "zOrder": 4,
      "numberProperties": [
        {
          "name": "animation",
          "value": 1
        }
      ],
      "stringProperties": [],
      "initialVariables": []
    },
    {
      "angle": 0,
      "customSize": true,
      "height": 70,
      "layer": "floor",
      "locked": false,
      "name": "floor",
      "width": 70,
      "x": 630,
      "y": 350,
      "zOrder": 4,
      "numberProperties": [
        {
          "name": "animation",
          "value": 1
        }
      ],
      "stringProperties": [],
      "initialVariables": []
    },
    {
      "angle": 0,
      "customSize": true,
      "height": 70,
      "layer": "floor",
      "locked": false,
      "name": "floor",
      "width": 70,
      "x": 770,
      "y": 420,
      "zOrder": 4,
      "numberProperties": [
        {
          "name": "animation",
          "value": 1
        }
      ],
      "stringProperties": [],
      "initialVariables": []
    },
    {
      "angle": 0,
      "customSize": true,
      "height": 70,
      "layer": "floor",
      "locked": false,
      "name": "floor",
      "width": 70,
      "x": 840,
      "y": 210,
      "zOrder": 4,
      "numberProperties": [
        {
          "name": "animation",
          "value": 1
        }
      ],
      "stringProperties": [],
      "initialVariables": []
    },
    {
      "angle": 0,
      "customSize": true,
      "height": 70,
      "layer": "floor",
      "locked": false,
      "name": "floor",
      "width": 70,
      "x": 630,
      "y": 70,
      "zOrder": 4,
      "numberProperties": [
        {
          "name": "animation",
          "value": 1
        }
      ],
      "stringProperties": [],
      "initialVariables": []
    },
    {
      "angle": 0,
      "customSize": true,
      "height": 70,
      "layer": "floor",
      "locked": false,
      "name": "floor",
      "width": 70,
      "x": 700,
      "y": 70,
      "zOrder": 4,
      "numberProperties": [
        {
          "name": "animation",
          "value": 1
        }
      ],
      "stringProperties": [],
      "initialVariables": []
    },
    {
      "angle": 0,
      "customSize": true,
      "height": 70,
      "layer": "floor",
      "locked": false,
      "name": "floor",
      "width": 70,
      "x": 910,
      "y": 490,
      "zOrder": 4,
      "numberProperties": [
        {
          "name": "animation",
          "value": 1
        }
      ],
      "stringProperties": [],
      "initialVariables": []
    },
    {
      "angle": 0,
      "customSize": true,
      "height": 70,
      "layer": "floor",
      "locked": false,
      "name": "floor",
      "width": 70,
      "x": 490,
      "y": 280,
      "zOrder": 4,
      "numberProperties": [
        {
          "name": "animation",
          "value": 1
        }
      ],
      "stringProperties": [],
      "initialVariables": []
    },
    {
      "angle": 0,
      "customSize": true,
      "height": 70,
      "layer": "floor",
      "locked": false,
      "name": "floor",
      "width": 70,
      "x": 770,
      "y": 0,
      "zOrder": 4,
      "numberProperties": [
        {
          "name": "animation",
          "value": 1
        }
      ],
      "stringProperties": [],
      "initialVariables": []
    },
    {
      "angle": 0,
      "customSize": true,
      "height": 70,
      "layer": "floor",
      "locked": false,
      "name": "floor",
      "width": 70,
      "x": 910,
      "y": 280,
      "zOrder": 4,
      "numberProperties": [
        {
          "name": "animation",
          "value": 1
        }
      ],
      "stringProperties": [],
      "initialVariables": []
    },
    {
      "angle": 0,
      "customSize": true,
      "height": 70,
      "layer": "floor",
      "locked": false,
      "name": "floor",
      "width": 70,
      "x": 840,
      "y": -70,
      "zOrder": 4,
      "numberProperties": [
        {
          "name": "animation",
          "value": 1
        }
      ],
      "stringProperties": [],
      "initialVariables": []
    },
    {
      "angle": 0,
      "customSize": true,
      "height": 70,
      "layer": "floor",
      "locked": false,
      "name": "floor",
      "width": 70,
      "x": 840,
      "y": 0,
      "zOrder": 4,
      "numberProperties": [
        {
          "name": "animation",
          "value": 1
        }
      ],
      "stringProperties": [],
      "initialVariables": []
    },
    {
      "angle": 0,
      "customSize": true,
      "height": 70,
      "layer": "floor",
      "locked": false,
      "name": "floor",
      "width": 70,
      "x": 700,
      "y": 350,
      "zOrder": 4,
      "numberProperties": [
        {
          "name": "animation",
          "value": 1
        }
      ],
      "stringProperties": [],
      "initialVariables": []
    },
    {
      "angle": 0,
      "customSize": true,
      "height": 70,
      "layer": "floor",
      "locked": false,
      "name": "floor",
      "width": 70,
      "x": 700,
      "y": 280,
      "zOrder": 4,
      "numberProperties": [
        {
          "name": "animation",
          "value": 1
        }
      ],
      "stringProperties": [],
      "initialVariables": []
    },
    {
      "angle": 0,
      "customSize": true,
      "height": 70,
      "layer": "floor",
      "locked": false,
      "name": "floor",
      "width": 70,
      "x": 840,
      "y": 420,
      "zOrder": 4,
      "numberProperties": [
        {
          "name": "animation",
          "value": 1
        }
      ],
      "stringProperties": [],
      "initialVariables": []
    },
    {
      "angle": 0,
      "customSize": true,
      "height": 70,
      "layer": "floor",
      "locked": false,
      "name": "floor",
      "width": 70,
      "x": 630,
      "y": 140,
      "zOrder": 4,
      "numberProperties": [
        {
          "name": "animation",
          "value": 1
        }
      ],
      "stringProperties": [],
      "initialVariables": []
    },
    {
      "angle": 0,
      "customSize": true,
      "height": 70,
      "layer": "floor",
      "locked": false,
      "name": "floor",
      "width": 70,
      "x": 700,
      "y": -70,
      "zOrder": 4,
      "numberProperties": [
        {
          "name": "animation",
          "value": 1
        }
      ],
      "stringProperties": [],
      "initialVariables": []
    },
    {
      "angle": 0,
      "customSize": true,
      "height": 70,
      "layer": "floor",
      "locked": false,
      "name": "floor",
      "width": 70,
      "x": 560,
      "y": 490,
      "zOrder": 4,
      "numberProperties": [
        {
          "name": "animation",
          "value": 1
        }
      ],
      "stringProperties": [],
      "initialVariables": []
    },
    {
      "angle": 0,
      "customSize": true,
      "height": 70,
      "layer": "floor",
      "locked": false,
      "name": "floor",
      "width": 70,
      "x": 840,
      "y": 140,
      "zOrder": 4,
      "numberProperties": [
        {
          "name": "animation",
          "value": 1
        }
      ],
      "stringProperties": [],
      "initialVariables": []
    },
    {
      "angle": 0,
      "customSize": true,
      "height": 70,
      "layer": "floor",
      "locked": false,
      "name": "floor",
      "width": 70,
      "x": 980,
      "y": 350,
      "zOrder": 4,
      "numberProperties": [
        {
          "name": "animation",
          "value": 1
        }
      ],
      "stringProperties": [],
      "initialVariables": []
    },
    {
      "angle": 0,
      "customSize": true,
      "height": 70,
      "layer": "floor",
      "locked": false,
      "name": "floor",
      "width": 70,
      "x": 630,
      "y": 490,
      "zOrder": 4,
      "numberProperties": [
        {
          "name": "animation",
          "value": 1
        }
      ],
      "stringProperties": [],
      "initialVariables": []
    },
    {
      "angle": 0,
      "customSize": true,
      "height": 70,
      "layer": "floor",
      "locked": false,
      "name": "floor",
      "width": 70,
      "x": 560,
      "y": 280,
      "zOrder": 4,
      "numberProperties": [
        {
          "name": "animation",
          "value": 1
        }
      ],
      "stringProperties": [],
      "initialVariables": []
    },
    {
      "angle": 0,
      "customSize": true,
      "height": 70,
      "layer": "floor",
      "locked": false,
      "name": "floor",
      "width": 70,
      "x": 840,
      "y": 70,
      "zOrder": 4,
      "numberProperties": [
        {
          "name": "animation",
          "value": 1
        }
      ],
      "stringProperties": [],
      "initialVariables": []
    },
    {
      "angle": 0,
      "customSize": true,
      "height": 70,
      "layer": "floor",
      "locked": false,
      "name": "floor",
      "width": 70,
      "x": 770,
      "y": 280,
      "zOrder": 4,
      "numberProperties": [
        {
          "name": "animation",
          "value": 1
        }
      ],
      "stringProperties": [],
      "initialVariables": []
    },
    {
      "angle": 0,
      "customSize": true,
      "height": 70,
      "layer": "floor",
      "locked": false,
      "name": "floor",
      "width": 70,
      "x": 770,
      "y": 350,
      "zOrder": 4,
      "numberProperties": [
        {
          "name": "animation",
          "value": 1
        }
      ],
      "stringProperties": [],
      "initialVariables": []
    },
    {
      "angle": 0,
      "customSize": true,
      "height": 70,
      "layer": "floor",
      "locked": false,
      "name": "floor",
      "width": 70,
      "x": 630,
      "y": -70,
      "zOrder": 4,
      "numberProperties": [
        {
          "name": "animation",
          "value": 1
        }
      ],
      "stringProperties": [],
      "initialVariables": []
    },
    {
      "angle": 0,
      "customSize": true,
      "height": 70,
      "layer": "floor",
      "locked": false,
      "name": "floor",
      "width": 70,
      "x": 1190,
      "y": 490,
      "zOrder": 4,
      "numberProperties": [],
      "stringProperties": [],
      "initialVariables": []
    },
    {
      "angle": 0,
      "customSize": true,
      "height": 70,
      "layer": "floor",
      "locked": false,
      "name": "floor",
      "width": 70,
      "x": 1120,
      "y": 490,
      "zOrder": 4,
      "numberProperties": [],
      "stringProperties": [],
      "initialVariables": []
    },
    {
      "angle": 0,
      "customSize": true,
      "height": 70,
      "layer": "floor",
      "locked": false,
      "name": "floor",
      "width": 70,
      "x": 1050,
      "y": 490,
      "zOrder": 4,
      "numberProperties": [],
      "stringProperties": [],
      "initialVariables": []
    },
    {
      "angle": 90,
      "customSize": true,
      "height": 70,
      "layer": "",
      "locked": false,
      "name": "furniture",
      "width": 70,
      "x": 560,
      "y": 70,
      "zOrder": 6,
      "numberProperties": [
        {
          "name": "animation",
          "value": 2
        }
      ],
      "stringProperties": [],
      "initialVariables": []
    },
    {
      "angle": 90,
      "customSize": true,
      "height": 70,
      "layer": "",
      "locked": false,
      "name": "furniture",
      "width": 70,
      "x": 560,
      "y": 0,
      "zOrder": 6,
      "numberProperties": [
        {
          "name": "animation",
          "value": 4
        }
      ],
      "stringProperties": [],
      "initialVariables": []
    },
    {
      "angle": 90,
      "customSize": true,
      "height": 70,
      "layer": "",
      "locked": false,
      "name": "furniture",
      "width": 70,
      "x": 630,
      "y": 0,
      "zOrder": 6,
      "numberProperties": [
        {
          "name": "animation",
          "value": 5
        }
      ],
      "stringProperties": [],
      "initialVariables": []
    },
    {
      "angle": 90,
      "customSize": true,
      "height": 70,
      "layer": "",
      "locked": false,
      "name": "furniture",
      "width": 70,
      "x": 700,
      "y": 0,
      "zOrder": 6,
      "numberProperties": [
        {
          "name": "animation",
          "value": 3
        }
      ],
      "stringProperties": [],
      "initialVariables": []
    },
    {
      "angle": 90,
      "customSize": true,
      "height": 70,
      "layer": "",
      "locked": false,
      "name": "furniture",
      "width": 70,
      "x": 630,
      "y": 70,
      "zOrder": 6,
      "numberProperties": [
        {
          "name": "animation",
          "value": 6
        }
      ],
      "stringProperties": [],
      "initialVariables": []
    },
    {
      "angle": 90,
      "customSize": true,
      "height": 70,
      "layer": "",
      "locked": false,
      "name": "furniture",
      "width": 70,
      "x": 700,
      "y": 70,
      "zOrder": 6,
      "numberProperties": [
        {
          "name": "animation",
          "value": 7
        }
      ],
      "stringProperties": [],
      "initialVariables": []
    },
    {
      "angle": 0,
      "customSize": true,
      "height": 70,
      "layer": "",
      "locked": false,
      "name": "walls",
      "width": 70,
      "x": 490,
      "y": 140,
      "zOrder": 1,
      "numberProperties": [
        {
          "name": "animation",
          "value": 4
        }
      ],
      "stringProperties": [],
      "initialVariables": []
    },
    {
      "angle": 0,
      "customSize": true,
      "height": 70,
      "layer": "",
      "locked": false,
      "name": "walls",
      "width": 70,
      "x": 490,
      "y": 70,
      "zOrder": 1,
      "numberProperties": [
        {
          "name": "animation",
          "value": 4
        }
      ],
      "stringProperties": [],
      "initialVariables": []
    },
    {
      "angle": 0,
      "customSize": true,
      "height": 70,
      "layer": "",
      "locked": false,
      "name": "walls",
      "width": 70,
      "x": 490,
      "y": 0,
      "zOrder": 1,
      "numberProperties": [
        {
          "name": "animation",
          "value": 4
        }
      ],
      "stringProperties": [],
      "initialVariables": []
    },
    {
      "angle": 0,
      "customSize": true,
      "height": 70,
      "layer": "",
      "locked": false,
      "name": "walls",
      "width": 70,
      "x": 490,
      "y": -70,
      "zOrder": 1,
      "numberProperties": [
        {
          "name": "animation",
          "value": 4
        }
      ],
      "stringProperties": [],
      "initialVariables": []
    },
    {
      "angle": 0,
      "customSize": true,
      "height": 70,
      "layer": "",
      "locked": false,
      "name": "walls",
      "width": 70,
      "x": 490,
      "y": -140,
      "zOrder": 1,
      "numberProperties": [
        {
          "name": "animation",
          "value": 3
        }
      ],
      "stringProperties": [],
      "initialVariables": []
    },
    {
      "angle": 0,
      "customSize": true,
      "height": 70,
      "layer": "floor",
      "locked": false,
      "name": "floor",
      "width": 70,
      "x": 560,
      "y": -70,
      "zOrder": 4,
      "numberProperties": [
        {
          "name": "animation",
          "value": 1
        }
      ],
      "stringProperties": [],
      "initialVariables": []
    },
    {
      "angle": 0,
      "customSize": true,
      "height": 70,
      "layer": "floor",
      "locked": false,
      "name": "floor",
      "width": 70,
      "x": 560,
      "y": 0,
      "zOrder": 4,
      "numberProperties": [
        {
          "name": "animation",
          "value": 1
        }
      ],
      "stringProperties": [],
      "initialVariables": []
    },
    {
      "angle": 0,
      "customSize": true,
      "height": 70,
      "layer": "floor",
      "locked": false,
      "name": "floor",
      "width": 70,
      "x": 630,
      "y": 0,
      "zOrder": 4,
      "numberProperties": [
        {
          "name": "animation",
          "value": 1
        }
      ],
      "stringProperties": [],
      "initialVariables": []
    },
    {
      "angle": 0,
      "customSize": true,
      "height": 70,
      "layer": "floor",
      "locked": false,
      "name": "floor",
      "width": 70,
      "x": 560,
      "y": 70,
      "zOrder": 4,
      "numberProperties": [
        {
          "name": "animation",
          "value": 1
        }
      ],
      "stringProperties": [],
      "initialVariables": []
    },
    {
      "angle": 0,
      "customSize": true,
      "height": 70,
      "layer": "",
      "locked": false,
      "name": "walls",
      "width": 70,
      "x": 910,
      "y": 210,
      "zOrder": 2,
      "numberProperties": [
        {
          "name": "animation",
          "value": 6
        }
      ],
      "stringProperties": [],
      "initialVariables": []
    },
    {
      "angle": 0,
      "customSize": true,
      "height": 70,
      "layer": "",
      "locked": false,
      "name": "walls",
      "width": 70,
      "x": 910,
      "y": 140,
      "zOrder": 1,
      "numberProperties": [
        {
          "name": "animation",
          "value": 4
        }
      ],
      "stringProperties": [],
      "initialVariables": []
    },
    {
      "angle": 0,
      "customSize": true,
      "height": 70,
      "layer": "",
      "locked": false,
      "name": "walls",
      "width": 70,
      "x": 910,
      "y": 70,
      "zOrder": 1,
      "numberProperties": [
        {
          "name": "animation",
          "value": 1
        }
      ],
      "stringProperties": [],
      "initialVariables": []
    },
    {
      "angle": 0,
      "customSize": true,
      "height": 70,
      "layer": "",
      "locked": false,
      "name": "walls",
      "width": 70,
      "x": 560,
      "y": -140,
      "zOrder": 2,
      "numberProperties": [
        {
          "name": "animation",
          "value": 5
        }
      ],
      "stringProperties": [],
      "initialVariables": []
    },
    {
      "angle": 0,
      "customSize": true,
      "height": 70,
      "layer": "",
      "locked": false,
      "name": "walls",
      "width": 70,
      "x": 630,
      "y": -140,
      "zOrder": 2,
      "numberProperties": [
        {
          "name": "animation",
          "value": 5
        }
      ],
      "stringProperties": [],
      "initialVariables": []
    },
    {
      "angle": 0,
      "customSize": true,
      "height": 70,
      "layer": "",
      "locked": false,
      "name": "walls",
      "width": 70,
      "x": 700,
      "y": -140,
      "zOrder": 2,
      "numberProperties": [
        {
          "name": "animation",
          "value": 5
        }
      ],
      "stringProperties": [],
      "initialVariables": []
    },
    {
      "angle": 0,
      "customSize": true,
      "height": 70,
      "layer": "",
      "locked": false,
      "name": "walls",
      "width": 70,
      "x": 770,
      "y": -140,
      "zOrder": 2,
      "numberProperties": [
        {
          "name": "animation",
          "value": 5
        }
      ],
      "stringProperties": [],
      "initialVariables": []
    },
    {
      "angle": 0,
      "customSize": true,
      "height": 70,
      "layer": "",
      "locked": false,
      "name": "walls",
      "width": 70,
      "x": 840,
      "y": -140,
      "zOrder": 2,
      "numberProperties": [
        {
          "name": "animation",
          "value": 5
        }
      ],
      "stringProperties": [],
      "initialVariables": []
    },
    {
      "angle": 0,
      "customSize": true,
      "height": 70,
      "layer": "",
      "locked": false,
      "name": "walls",
      "width": 70,
      "x": 910,
      "y": -140,
      "zOrder": 2,
      "numberProperties": [
        {
          "name": "animation",
          "value": 9
        }
      ],
      "stringProperties": [],
      "initialVariables": []
    },
    {
      "angle": 0,
      "customSize": true,
      "height": 70,
      "layer": "",
      "locked": false,
      "name": "walls",
      "width": 70,
      "x": 910,
      "y": -70,
      "zOrder": 2,
      "numberProperties": [
        {
          "name": "animation",
          "value": 0
        }
      ],
      "stringProperties": [],
      "initialVariables": []
    },
    {
      "angle": 0,
      "customSize": true,
      "height": 70,
      "layer": "floor",
      "locked": false,
      "name": "floor",
      "width": 70,
      "x": 910,
      "y": -70,
      "zOrder": 4,
      "numberProperties": [
        {
          "name": "animation",
          "value": 1
        }
      ],
      "stringProperties": [],
      "initialVariables": []
    },
    {
      "angle": 0,
      "customSize": true,
      "height": 70,
      "layer": "floor",
      "locked": false,
      "name": "floor",
      "width": 70,
      "x": 910,
      "y": 0,
      "zOrder": 4,
      "numberProperties": [
        {
          "name": "animation",
          "value": 1
        }
      ],
      "stringProperties": [],
      "initialVariables": []
    },
    {
      "angle": 0,
      "customSize": true,
      "height": 70,
      "layer": "floor",
      "locked": false,
      "name": "floor",
      "width": 70,
      "x": 910,
      "y": 70,
      "zOrder": 4,
      "numberProperties": [
        {
          "name": "animation",
          "value": 1
        }
      ],
      "stringProperties": [],
      "initialVariables": []
    }
  ],
  "objects": [
    {
      "name": "walls",
      "tags": "",
      "type": "Sprite",
      "updateIfNotVisible": false,
      "variables": [],
      "behaviors": [],
      "animations": [
        {
          "name": "",
          "useMultipleDirections": false,
          "directions": [
            {
              "looping": false,
              "timeBetweenFrames": 0.08,
              "sprites": [
                {
                  "hasCustomCollisionMask": false,
                  "image": "tile_234.png",
                  "points": [],
                  "originPoint": {
                    "name": "origine",
                    "x": 0,
                    "y": 0
                  },
                  "centerPoint": {
                    "automatic": true,
                    "name": "centre",
                    "x": 0,
                    "y": 0
                  },
                  "customCollisionMask": []
                }
              ]
            }
          ]
        },
        {
          "name": "",
          "useMultipleDirections": false,
          "directions": [
            {
              "looping": false,
              "timeBetweenFrames": 0.08,
              "sprites": [
                {
                  "hasCustomCollisionMask": false,
                  "image": "tile_260.png",
                  "points": [],
                  "originPoint": {
                    "name": "origine",
                    "x": 0,
                    "y": 0
                  },
                  "centerPoint": {
                    "automatic": true,
                    "name": "centre",
                    "x": 0,
                    "y": 0
                  },
                  "customCollisionMask": []
                }
              ]
            }
          ]
        },
        {
          "name": "",
          "useMultipleDirections": false,
          "directions": [
            {
              "looping": false,
              "timeBetweenFrames": 0.08,
              "sprites": [
                {
                  "hasCustomCollisionMask": false,
                  "image": "tile_145.png",
                  "points": [],
                  "originPoint": {
                    "name": "origine",
                    "x": 0,
                    "y": 0
                  },
                  "centerPoint": {
                    "automatic": true,
                    "name": "centre",
                    "x": 0,
                    "y": 0
                  },
                  "customCollisionMask": []
                }
              ]
            }
          ]
        },
        {
          "name": "",
          "useMultipleDirections": false,
          "directions": [
            {
              "looping": false,
              "timeBetweenFrames": 0.08,
              "sprites": [
                {
                  "hasCustomCollisionMask": false,
                  "image": "tile_118.png",
                  "points": [],
                  "originPoint": {
                    "name": "origine",
                    "x": 0,
                    "y": 0
                  },
                  "centerPoint": {
                    "automatic": true,
                    "name": "centre",
                    "x": 0,
                    "y": 0
                  },
                  "customCollisionMask": []
                }
              ]
            }
          ]
        },
        {
          "name": "",
          "useMultipleDirections": false,
          "directions": [
            {
              "looping": false,
              "timeBetweenFrames": 0.08,
              "sprites": [
                {
                  "hasCustomCollisionMask": false,
                  "image": "tile_147.png",
                  "points": [],
                  "originPoint": {
                    "name": "origine",
                    "x": 0,
                    "y": 0
                  },
                  "centerPoint": {
                    "automatic": true,
                    "name": "centre",
                    "x": 0,
                    "y": 0
                  },
                  "customCollisionMask": []
                }
              ]
            }
          ]
        },
        {
          "name": "",
          "useMultipleDirections": false,
          "directions": [
            {
              "looping": false,
              "timeBetweenFrames": 0.08,
              "sprites": [
                {
                  "hasCustomCollisionMask": false,
                  "image": "tile_120.png",
                  "points": [],
                  "originPoint": {
                    "name": "origine",
                    "x": 0,
                    "y": 0
                  },
                  "centerPoint": {
                    "automatic": true,
                    "name": "centre",
                    "x": 0,
                    "y": 0
                  },
                  "customCollisionMask": []
                }
              ]
            }
          ]
        },
        {
          "name": "",
          "useMultipleDirections": false,
          "directions": [
            {
              "looping": false,
              "timeBetweenFrames": 0.08,
              "sprites": [
                {
                  "hasCustomCollisionMask": false,
                  "image": "tile_122.png",
                  "points": [],
                  "originPoint": {
                    "name": "origine",
                    "x": 0,
                    "y": 0
                  },
                  "centerPoint": {
                    "automatic": true,
                    "name": "centre",
                    "x": 0,
                    "y": 0
                  },
                  "customCollisionMask": []
                }
              ]
            }
          ]
        },
        {
          "name": "",
          "useMultipleDirections": false,
          "directions": [
            {
              "looping": false,
              "timeBetweenFrames": 0.08,
              "sprites": [
                {
                  "hasCustomCollisionMask": false,
                  "image": "tile_233.png",
                  "points": [],
                  "originPoint": {
                    "name": "origine",
                    "x": 0,
                    "y": 0
                  },
                  "centerPoint": {
                    "automatic": true,
                    "name": "centre",
                    "x": 0,
                    "y": 0
                  },
                  "customCollisionMask": []
                }
              ]
            }
          ]
        },
        {
          "name": "",
          "useMultipleDirections": false,
          "directions": [
            {
              "looping": false,
              "timeBetweenFrames": 0.08,
              "sprites": [
                {
                  "hasCustomCollisionMask": false,
                  "image": "tile_261.png",
                  "points": [],
                  "originPoint": {
                    "name": "origine",
                    "x": 0,
                    "y": 0
                  },
                  "centerPoint": {
                    "automatic": true,
                    "name": "centre",
                    "x": 0,
                    "y": 0
                  },
                  "customCollisionMask": []
                }
              ]
            }
          ]
        },
        {
          "name": "",
          "useMultipleDirections": false,
          "directions": [
            {
              "looping": false,
              "timeBetweenFrames": 0.08,
              "sprites": [
                {
                  "hasCustomCollisionMask": false,
                  "image": "tile_119.png",
                  "points": [],
                  "originPoint": {
                    "name": "origine",
                    "x": 0,
                    "y": 0
                  },
                  "centerPoint": {
                    "automatic": true,
                    "name": "centre",
                    "x": 0,
                    "y": 0
                  },
                  "customCollisionMask": []
                }
              ]
            }
          ]
        },
        {
          "name": "",
          "useMultipleDirections": false,
          "directions": [
            {
              "looping": false,
              "timeBetweenFrames": 0.08,
              "sprites": [
                {
                  "hasCustomCollisionMask": false,
                  "image": "tile_146.png",
                  "points": [],
                  "originPoint": {
                    "name": "origine",
                    "x": 0,
                    "y": 0
                  },
                  "centerPoint": {
                    "automatic": true,
                    "name": "centre",
                    "x": 0,
                    "y": 0
                  },
                  "customCollisionMask": []
                }
              ]
            }
          ]
        },
        {
          "name": "",
          "useMultipleDirections": false,
          "directions": [
            {
              "looping": false,
              "timeBetweenFrames": 0.08,
              "sprites": [
                {
                  "hasCustomCollisionMask": false,
                  "image": "tile_148.png",
                  "points": [],
                  "originPoint": {
                    "name": "origine",
                    "x": 0,
                    "y": 0
                  },
                  "centerPoint": {
                    "automatic": true,
                    "name": "centre",
                    "x": 0,
                    "y": 0
                  },
                  "customCollisionMask": []
                }
              ]
            }
          ]
        }
      ]
    },
    {
      "name": "kitchen",
      "tags": "",
      "type": "Sprite",
      "updateIfNotVisible": false,
      "variables": [],
      "behaviors": [],
      "animations": [
        {
          "name": "",
          "useMultipleDirections": false,
          "directions": [
            {
              "looping": false,
              "timeBetweenFrames": 0.08,
              "sprites": [
                {
                  "hasCustomCollisionMask": false,
                  "image": "tile_321.png",
                  "points": [],
                  "originPoint": {
                    "name": "origine",
                    "x": 0,
                    "y": 0
                  },
                  "centerPoint": {
                    "automatic": true,
                    "name": "centre",
                    "x": 0,
                    "y": 0
                  },
                  "customCollisionMask": []
                }
              ]
            }
          ]
        },
        {
          "name": "",
          "useMultipleDirections": false,
          "directions": [
            {
              "looping": false,
              "timeBetweenFrames": 0.08,
              "sprites": [
                {
                  "hasCustomCollisionMask": false,
                  "image": "tile_297.png",
                  "points": [],
                  "originPoint": {
                    "name": "origine",
                    "x": 0,
                    "y": 0
                  },
                  "centerPoint": {
                    "automatic": true,
                    "name": "centre",
                    "x": 0,
                    "y": 0
                  },
                  "customCollisionMask": []
                }
              ]
            }
          ]
        },
        {
          "name": "",
          "useMultipleDirections": false,
          "directions": [
            {
              "looping": false,
              "timeBetweenFrames": 0.08,
              "sprites": [
                {
                  "hasCustomCollisionMask": false,
                  "image": "tile_323.png",
                  "points": [],
                  "originPoint": {
                    "name": "origine",
                    "x": 0,
                    "y": 0
                  },
                  "centerPoint": {
                    "automatic": true,
                    "name": "centre",
                    "x": 0,
                    "y": 0
                  },
                  "customCollisionMask": []
                }
              ]
            }
          ]
        },
        {
          "name": "",
          "useMultipleDirections": false,
          "directions": [
            {
              "looping": false,
              "timeBetweenFrames": 0.08,
              "sprites": [
                {
                  "hasCustomCollisionMask": false,
                  "image": "tile_270.png",
                  "points": [],
                  "originPoint": {
                    "name": "origine",
                    "x": 0,
                    "y": 0
                  },
                  "centerPoint": {
                    "automatic": true,
                    "name": "centre",
                    "x": 0,
                    "y": 0
                  },
                  "customCollisionMask": []
                }
              ]
            }
          ]
        },
        {
          "name": "",
          "useMultipleDirections": false,
          "directions": [
            {
              "looping": false,
              "timeBetweenFrames": 0.08,
              "sprites": []
            }
          ]
        }
      ]
    },
    {
      "name": "floor",
      "tags": "",
      "type": "Sprite",
      "updateIfNotVisible": false,
      "variables": [],
      "behaviors": [],
      "animations": [
        {
          "name": "",
          "useMultipleDirections": false,
          "directions": [
            {
              "looping": false,
              "timeBetweenFrames": 0.08,
              "sprites": [
                {
                  "hasCustomCollisionMask": false,
                  "image": "tile_11.png",
                  "points": [],
                  "originPoint": {
                    "name": "origine",
                    "x": 0,
                    "y": 0
                  },
                  "centerPoint": {
                    "automatic": true,
                    "name": "centre",
                    "x": 0,
                    "y": 0
                  },
                  "customCollisionMask": []
                }
              ]
            }
          ]
        },
        {
          "name": "",
          "useMultipleDirections": false,
          "directions": [
            {
              "looping": false,
              "timeBetweenFrames": 0.08,
              "sprites": [
                {
                  "hasCustomCollisionMask": false,
                  "image": "tile_46.png",
                  "points": [],
                  "originPoint": {
                    "name": "origine",
                    "x": 0,
                    "y": 0
                  },
                  "centerPoint": {
                    "automatic": true,
                    "name": "centre",
                    "x": 0,
                    "y": 0
                  },
                  "customCollisionMask": []
                }
              ]
            }
          ]
        },
        {
          "name": "",
          "useMultipleDirections": false,
          "directions": [
            {
              "looping": false,
              "timeBetweenFrames": 0.08,
              "sprites": [
                {
                  "hasCustomCollisionMask": false,
                  "image": "tile_441.png",
                  "points": [],
                  "originPoint": {
                    "name": "origine",
                    "x": 0,
                    "y": 0
                  },
                  "centerPoint": {
                    "automatic": true,
                    "name": "centre",
                    "x": 0,
                    "y": 0
                  },
                  "customCollisionMask": []
                }
              ]
            }
          ]
        },
        {
          "name": "",
          "useMultipleDirections": false,
          "directions": [
            {
              "looping": false,
              "timeBetweenFrames": 0.08,
              "sprites": [
                {
                  "hasCustomCollisionMask": false,
                  "image": "tile_440.png",
                  "points": [],
                  "originPoint": {
                    "name": "origine",
                    "x": 0,
                    "y": 0
                  },
                  "centerPoint": {
                    "automatic": true,
                    "name": "centre",
                    "x": 0,
                    "y": 0
                  },
                  "customCollisionMask": []
                }
              ]
            }
          ]
        },
        {
          "name": "",
          "useMultipleDirections": false,
          "directions": [
            {
              "looping": false,
              "timeBetweenFrames": 0.08,
              "sprites": [
                {
                  "hasCustomCollisionMask": false,
                  "image": "tile_466.png",
                  "points": [],
                  "originPoint": {
                    "name": "origine",
                    "x": 0,
                    "y": 0
                  },
                  "centerPoint": {
                    "automatic": true,
                    "name": "centre",
                    "x": 0,
                    "y": 0
                  },
                  "customCollisionMask": []
                }
              ]
            }
          ]
        }
      ]
    },
    {
      "name": "furniture",
      "tags": "",
      "type": "Sprite",
      "updateIfNotVisible": false,
      "variables": [],
      "behaviors": [],
      "animations": [
        {
          "name": "",
          "useMultipleDirections": false,
          "directions": [
            {
              "looping": false,
              "timeBetweenFrames": 0.08,
              "sprites": [
                {
                  "hasCustomCollisionMask": false,
                  "image": "tile_102.png",
                  "points": [],
                  "originPoint": {
                    "name": "origine",
                    "x": 0,
                    "y": 0
                  },
                  "centerPoint": {
                    "automatic": true,
                    "name": "centre",
                    "x": 0,
                    "y": 0
                  },
                  "customCollisionMask": []
                }
              ]
            }
          ]
        },
        {
          "name": "",
          "useMultipleDirections": false,
          "directions": [
            {
              "looping": false,
              "timeBetweenFrames": 0.08,
              "sprites": [
                {
                  "hasCustomCollisionMask": false,
                  "image": "tile_21.png",
                  "points": [],
                  "originPoint": {
                    "name": "origine",
                    "x": 0,
                    "y": 0
                  },
                  "centerPoint": {
                    "automatic": true,
                    "name": "centre",
                    "x": 0,
                    "y": 0
                  },
                  "customCollisionMask": []
                }
              ]
            }
          ]
        },
        {
          "name": "",
          "useMultipleDirections": false,
          "directions": [
            {
              "looping": false,
              "timeBetweenFrames": 0.08,
              "sprites": [
                {
                  "hasCustomCollisionMask": false,
                  "image": "tile_104.png",
                  "points": [],
                  "originPoint": {
                    "name": "origine",
                    "x": 0,
                    "y": 0
                  },
                  "centerPoint": {
                    "automatic": true,
                    "name": "centre",
                    "x": 0,
                    "y": 0
                  },
                  "customCollisionMask": []
                }
              ]
            }
          ]
        },
        {
          "name": "",
          "useMultipleDirections": false,
          "directions": [
            {
              "looping": false,
              "timeBetweenFrames": 0.08,
              "sprites": [
                {
                  "hasCustomCollisionMask": false,
                  "image": "tile_49.png",
                  "points": [],
                  "originPoint": {
                    "name": "origine",
                    "x": 0,
                    "y": 0
                  },
                  "centerPoint": {
                    "automatic": true,
                    "name": "centre",
                    "x": 0,
                    "y": 0
                  },
                  "customCollisionMask": []
                }
              ]
            }
          ]
        },
        {
          "name": "",
          "useMultipleDirections": false,
          "directions": [
            {
              "looping": false,
              "timeBetweenFrames": 0.08,
              "sprites": [
                {
                  "hasCustomCollisionMask": false,
                  "image": "tile_103.png",
                  "points": [],
                  "originPoint": {
                    "name": "origine",
                    "x": 0,
                    "y": 0
                  },
                  "centerPoint": {
                    "automatic": true,
                    "name": "centre",
                    "x": 0,
                    "y": 0
                  },
                  "customCollisionMask": []
                }
              ]
            }
          ]
        },
        {
          "name": "",
          "useMultipleDirections": false,
          "directions": [
            {
              "looping": false,
              "timeBetweenFrames": 0.08,
              "sprites": [
                {
                  "hasCustomCollisionMask": false,
                  "image": "tile_76.png",
                  "points": [],
                  "originPoint": {
                    "name": "origine",
                    "x": 0,
                    "y": 0
                  },
                  "centerPoint": {
                    "automatic": true,
                    "name": "centre",
                    "x": 0,
                    "y": 0
                  },
                  "customCollisionMask": []
                }
              ]
            }
          ]
        },
        {
          "name": "",
          "useMultipleDirections": false,
          "directions": [
            {
              "looping": false,
              "timeBetweenFrames": 0.08,
              "sprites": [
                {
                  "hasCustomCollisionMask": false,
                  "image": "tile_77.png",
                  "points": [],
                  "originPoint": {
                    "name": "origine",
                    "x": 0,
                    "y": 0
                  },
                  "centerPoint": {
                    "automatic": true,
                    "name": "centre",
                    "x": 0,
                    "y": 0
                  },
                  "customCollisionMask": []
                }
              ]
            }
          ]
        },
        {
          "name": "",
          "useMultipleDirections": false,
          "directions": [
            {
              "looping": false,
              "timeBetweenFrames": 0.08,
              "sprites": [
                {
                  "hasCustomCollisionMask": false,
                  "image": "tile_50.png",
                  "points": [],
                  "originPoint": {
                    "name": "origine",
                    "x": 0,
                    "y": 0
                  },
                  "centerPoint": {
                    "automatic": true,
                    "name": "centre",
                    "x": 0,
                    "y": 0
                  },
                  "customCollisionMask": []
                }
              ]
            }
          ]
        }
      ]
    },
    {
      "name": "NewObject",
      "tags": "",
      "type": "Sprite",
      "updateIfNotVisible": false,
      "variables": [],
      "behaviors": [],
      "animations": [
        {
          "name": "",
          "useMultipleDirections": false,
          "directions": [
            {
              "looping": false,
              "timeBetweenFrames": 0.08,
              "sprites": [
                {
                  "hasCustomCollisionMask": false,
                  "image": "tile_360.png",
                  "points": [],
                  "originPoint": {
                    "name": "origine",
                    "x": 0,
                    "y": 0
                  },
                  "centerPoint": {
                    "automatic": true,
                    "name": "centre",
                    "x": 0,
                    "y": 0
                  },
                  "customCollisionMask": []
                }
              ]
            }
          ]
        }
      ]
    }
  ],
  "events": [
    {
      "disabled": false,
      "folded": false,
      "type": "BuiltinCommonInstructions::Standard",
      "conditions": [],
      "actions": [],
      "events": []
    }
  ],
  "layers": [
    {
      "name": "floor",
      "visibility": true,
      "cameras": [],
      "effects": []
    },
    {
      "name": "",
      "visibility": true,
      "cameras": [
        {
          "defaultSize": true,
          "defaultViewport": true,
          "height": 0,
          "viewportBottom": 1,
          "viewportLeft": 0,
          "viewportRight": 1,
          "viewportTop": 0,
          "width": 0
        }
      ],
      "effects": []
    }
  ],
  "behaviorsSharedData": []
}